model_id,auc,logloss,aucpr,mean_per_class_error,rmse,mse
GBM_1_AutoML_1_20250819_181618,0.9887621111111112,0.1322511256447341,0.9895392019671716,0.0595,0.205869001018793,0.0423820455804757
GBM_2_AutoML_1_20250819_181618,0.9884923888888888,0.1345598379290018,0.9892758481439456,0.0613333333333333,0.207273832503833,0.042962441640827
GBM_3_AutoML_1_20250819_181618,0.9884676111111113,0.1344303866942632,0.9892697874883608,0.0613333333333333,0.2074130590327747,0.0430201770573333
GBM_4_AutoML_1_20250819_181618,0.9884397777777778,0.1335698213292103,0.9892414773682504,0.0616666666666666,0.2073564039821184,0.0429966782723955
GBM_5_AutoML_1_20250819_181618,0.9884336666666668,0.134414042587559,0.9892330474649912,0.061,0.207869676465472,0.04320980239386
GBM_grid_1_AutoML_1_20250819_181618_model_1,0.9881277777777776,0.1370031192554375,0.9889642159843728,0.0626666666666666,0.2095468474540423,0.0439098812779276
XRT_1_AutoML_1_20250819_181618,0.9880695555555556,0.1386593886153525,0.98888957804527,0.0623333333333333,0.2090037942055921,0.0436825859923334
DRF_1_AutoML_1_20250819_181618,0.9869477777777778,0.1733244081478421,0.9872038548910306,0.0631666666666666,0.2103407942970506,0.0442432497455141
GLM_1_AutoML_1_20250819_181618,0.985886,0.1526850249079112,0.9865403331472122,0.0635,0.2176910111868453,0.0473893763515512
